{
  "akiec": {
    "precision": 0.5,
    "recall": 0.2903225806451613,
    "f1-score": 0.3673469387755102,
    "support": 62.0
  },
  "bcc": {
    "precision": 0.3314917127071823,
    "recall": 0.594059405940594,
    "f1-score": 0.425531914893617,
    "support": 101.0
  },
  "bkl": {
    "precision": 0.4213197969543147,
    "recall": 0.3672566371681416,
    "f1-score": 0.39243498817966904,
    "support": 226.0
  },
  "df": {
    "precision": 0.13095238095238096,
    "recall": 0.4230769230769231,
    "f1-score": 0.2,
    "support": 26.0
  },
  "mel": {
    "precision": 0.4342105263157895,
    "recall": 0.3157894736842105,
    "f1-score": 0.3656509695290859,
    "support": 209.0
  },
  "nv": {
    "precision": 0.8741092636579573,
    "recall": 0.8153618906942393,
    "f1-score": 0.8437141765380206,
    "support": 1354.0
  },
  "vasc": {
    "precision": 0.26666666666666666,
    "recall": 0.96,
    "f1-score": 0.41739130434782606,
    "support": 25.0
  },
  "accuracy": 0.6819770344483275,
  "macro avg": {
    "precision": 0.4226786210363273,
    "recall": 0.53798098731561,
    "f1-score": 0.43029575603767556,
    "support": 2003.0
  },
  "weighted avg": {
    "precision": 0.7209507282373457,
    "recall": 0.6819770344483275,
    "f1-score": 0.6934045787367432,
    "support": 2003.0
  }
}